{"world":"Hardcor2","x":294.30000001192093,"y":67.0,"z":234.23939249122407,"pitch":14.700001,"yaw":-165.67886}